"Page","HasGA","HasBranding","Favicon"
"404.html","True","True","Root"
"abudhabi-to-doha-private-jet-cost.html","True","True","Root"
"amsterdam-to-london-private-jet-cost.html","True","True","Root"
"aspen-to-miami-private-jet-cost.html","True","True","Root"
"aspen-to-newyork-private-jet-cost.html","True","True","Root"
"authority-triad-snippet.html","False","False","Missing"
"bahamas-to-newyork-private-jet-cost.html","True","True","Root"
"bali-to-melbourne-private-jet-cost.html","True","True","Root"
"bali-to-perth-private-jet-cost.html","True","True","Root"
"barcelona-to-london-private-jet-cost.html","True","True","Root"
"beijing-to-seoul-private-jet-cost.html","True","True","Root"
"blog.html","True","True","Root"
"brisbane-to-sydney-private-jet-cost.html","True","True","Root"
"cabo-to-losangeles-private-jet-cost.html","True","True","Root"
"cancun-to-dallas-private-jet-cost.html","True","True","Root"
"chicago-to-losangeles-private-jet-cost.html","True","True","Root"
"chicago-to-miami-private-jet-cost.html","True","True","Root"
"chicago-to-newyork-private-jet-cost.html","True","True","Root"
"contact.html","True","True","Root"
"dallas-to-cancun-private-jet-cost.html","True","True","Root"
"dallas-to-denver-private-jet-cost.html","True","True","Root"
"dallas-to-losangeles-private-jet-cost.html","True","True","Root"
"dallas-to-newyork-private-jet-cost.html","True","True","Root"
"denver-to-dallas-private-jet-cost.html","True","True","Root"
"doha-to-abudhabi-private-jet-cost.html","True","True","Root"
"dubai-to-london-private-jet-cost.html","True","True","Root"
"dubai-to-newyork-private-jet-cost.html","True","True","Root"
"dubai-to-sydney-private-jet-cost.html","True","True","Root"
"elite-private-jet-charter.html","True","True","Root"
"geneva-to-london-private-jet-cost.html","True","True","Root"
"global-route-silo.html","False","True","Missing"
"goldcoast-to-sydney-private-jet-cost.html","True","True","Root"
"hawaii-to-losangeles-private-jet-cost.html","True","True","Root"
"hongkong-to-singapore-private-jet-cost.html","True","True","Root"
"houston-to-miami-private-jet-cost.html","True","True","Root"
"ibiza-to-london-private-jet-cost.html","True","True","Root"
"index.html","True","True","Missing"
"lasvegas-to-lax-private-jet-cost.html","True","True","Root"
"lasvegas-to-losangeles-private-jet-cost.html","True","True","Root"
"lasvegas-to-miami-private-jet-cost.html","True","True","Root"
"lasvegas-to-newyork-private-jet-cost.html","True","True","Root"
"lax-to-lasvegas-private-jet-cost.html","True","True","Root"
"london-to-amsterdam-private-jet-cost.html","True","True","Root"
"london-to-barcelona-private-jet-cost.html","True","True","Root"
"london-to-dubai-private-jet-cost.html","True","True","Root"
"london-to-geneva-private-jet-cost.html","True","True","Root"
"london-to-ibiza-private-jet-cost.html","True","True","Root"
"london-to-losangeles-private-jet-cost.html","True","True","Root"
"london-to-marrakesh-private-jet-cost.html","True","True","Root"
"london-to-miami-private-jet-cost.html","True","True","Root"
"london-to-milan-private-jet-cost.html","True","True","Root"
"london-to-mykonos-private-jet-cost.html","True","True","Root"
"london-to-newyork-private-jet-cost.html","True","True","Root"
"london-to-nice-private-jet-cost.html","True","True","Root"
"london-to-palma-private-jet-cost.html","True","True","Root"
"london-to-paris-private-jet-cost.html","True","True","Root"
"london-to-rome-private-jet-cost.html","True","True","Root"
"london-to-sanfrancisco-private-jet-cost.html","True","True","Root"
"london-to-santorini-private-jet-cost.html","True","True","Root"
"london-to-tokyo-private-jet-cost.html","True","True","Root"
"losangeles-to-cabo-private-jet-cost.html","True","True","Root"
"losangeles-to-chicago-private-jet-cost.html","True","True","Root"
"losangeles-to-dallas-private-jet-cost.html","True","True","Root"
"losangeles-to-hawaii-private-jet-cost.html","True","True","Root"
"losangeles-to-lasvegas-private-jet-cost.html","True","True","Root"
"losangeles-to-london-private-jet-cost.html","True","True","Root"
"losangeles-to-miami-private-jet-cost.html","True","True","Root"
"losangeles-to-newyork-private-jet-cost.html","True","True","Root"
"losangeles-to-sanfrancisco-private-jet-cost.html","True","True","Root"
"losangeles-to-tokyo-private-jet-cost.html","True","True","Root"
"luxury-villa-rentals.html","True","True","Root"
"luxury-villas.html","True","True","Root"
"luxury-yacht-rentals.html","True","True","Root"
"maldives-to-riyadh-private-jet-cost.html","True","True","Root"
"marrakesh-to-london-private-jet-cost.html","True","True","Root"
"melbourne-to-bali-private-jet-cost.html","True","True","Root"
"melbourne-to-sydney-private-jet-cost.html","True","True","Root"
"miami-to-aspen-private-jet-cost.html","True","True","Root"
"miami-to-chicago-private-jet-cost.html","True","True","Root"
"miami-to-houston-private-jet-cost.html","True","True","Root"
"miami-to-lasvegas-private-jet-cost.html","True","True","Root"
"miami-to-london-private-jet-cost.html","True","True","Root"
"miami-to-losangeles-private-jet-cost.html","True","True","Root"
"miami-to-newyork-private-jet-cost.html","True","True","Root"
"miami-to-turksandcaicos-private-jet-cost.html","True","True","Root"
"milan-to-london-private-jet-cost.html","True","True","Root"
"milan-to-mykonos-private-jet-cost.html","True","True","Root"
"mykonos-to-london-private-jet-cost.html","True","True","Root"
"mykonos-to-milan-private-jet-cost.html","True","True","Root"
"newyork-to-aspen-private-jet-cost.html","True","True","Root"
"newyork-to-bahamas-private-jet-cost.html","True","True","Root"
"newyork-to-chicago-private-jet-cost.html","True","True","Root"
"newyork-to-dallas-private-jet-cost.html","True","True","Root"
"newyork-to-dubai-private-jet-cost.html","True","True","Root"
"newyork-to-lasvegas-private-jet-cost.html","True","True","Root"
"newyork-to-london-private-jet-cost.html","True","True","Root"
"newyork-to-losangeles-private-jet-cost.html","True","True","Root"
"newyork-to-miami-private-jet-cost.html","True","True","Root"
"newyork-to-paris-private-jet-cost.html","True","True","Root"
"newyork-to-toronto-private-jet-cost.html","True","True","Root"
"nice-to-london-private-jet-cost.html","True","True","Root"
"palma-to-london-private-jet-cost.html","True","True","Root"
"paris-to-dubai-private-jet-cost.html","True","True","Root"
"paris-to-london-private-jet-cost.html","True","True","Root"
"paris-to-newyork-private-jet-cost.html","True","True","Root"
"perth-to-bali-private-jet-cost.html","True","True","Root"
"perth-to-sydney-private-jet-cost.html","True","True","Root"
"riyadh-to-maldives-private-jet-cost.html","True","True","Root"
"rome-to-london-private-jet-cost.html","True","True","Root"
"sanfrancisco-to-london-private-jet-cost.html","True","True","Root"
"sanfrancisco-to-losangeles-private-jet-cost.html","True","True","Root"
"santorini-to-london-private-jet-cost.html","True","True","Root"
"seoul-to-beijing-private-jet-cost.html","True","True","Root"
"singapore-to-hongkong-private-jet-cost.html","True","True","Root"
"singapore-to-sydney-private-jet-cost.html","True","True","Root"
"sydney-to-brisbane-private-jet-cost.html","True","True","Root"
"sydney-to-dubai-private-jet-cost.html","True","True","Root"
"sydney-to-goldcoast-private-jet-cost.html","True","True","Root"
"sydney-to-melbourne-private-jet-cost.html","True","True","Root"
"sydney-to-perth-private-jet-cost.html","True","True","Root"
"sydney-to-singapore-private-jet-cost.html","True","True","Root"
"tokyo-to-london-private-jet-cost.html","True","True","Root"
"toronto-to-newyork-private-jet-cost.html","True","True","Root"
"turksandcaicos-to-miami-private-jet-cost.html","True","True","Root"
"_template_blog_master.html","True","True","Root"
"_template_master.html","True","True","Root"
"index.html","True","False","Root"
"index.html","True","False","Root"
